,Linear Model Coefs,Standard Errors
CircVolt_kV,0.6588772245670623,0.03115290348345234
Length_m,0.4668605013822151,0.0301252849573581
Length_m_ctot,-0.7199525693590477,0.03369009524050174
